Encryption_Algorithm,Key_Exchange_Time,Average_Encryption_Time,Average_Decryption_Time,Average_Peak_Encryption_Memory,Average_Peak_Decryotion_Memory
AES_GCM_128,0.00031169000430963933,4.0800153044983746e-05,3.0856898229103534e-06,159178.41,159178.41
AES_GCM_256,0.00015142300981096923,3.536157627240755e-05,2.5108421978075056e-06,653825.0,653825.0
