Encryption_Algorithm,Key_Exchange_Time,Average_Encryption_Time,Average_Decryption_Time,Average_Peak_Encryption_Memory,Average_Peak_Decryotion_Memory
1_AES_GCM_128,0.0019889949762728065,3.5489558998961e-05,2.450896747177467e-06,159178.41,159178.41
2_AES_GCM_128,0.00014652201207354665,3.6706656450405716e-05,2.5761254073586314e-06,653825.0,653825.0
1_AES_GCM_256,0.00014872002066113055,3.51362630026415e-05,2.5365208275616168e-06,682905.424,682905.424
2_AES_GCM_256,0.00016215001232922077,3.72534595662728e-05,2.66970056691207e-06,709591.0,709591.0
1_AES_CCM_128,0.00014640201698057353,3.504026570590213e-05,2.083487983327359e-06,713716.497,713716.497
2_AES_CCM_128,0.00015062501188367605,3.392999639618211e-05,2.037769096205011e-06,740156.0,740156.0
1_AES_CCM_256,0.00015194201841950417,3.4603650186909365e-05,2.122255798894912e-06,744146.481,744146.481
2_AES_CCM_256,0.00014648298383690417,3.3755825686967e-05,2.060665370663628e-06,770425.0,770425.0
